,composite,nowcast_prob,lead_prob
1970-01-31,0.06681680483004349,,
1970-02-28,0.047072014754892165,,
1970-03-31,0.05608387074065541,,
1970-04-30,0.048698103504912604,,
1970-05-31,0.02125333282909993,,
1970-06-30,0.035037576998463264,,
1970-07-31,0.03423457124155582,,
1970-08-31,0.011920432646081974,,
1970-09-30,0.015358435914802054,,
1970-10-31,-0.01368805803955327,,
1970-11-30,-0.05475590698283766,,
1970-12-31,-0.000586964115215315,,
1971-01-31,-0.312504308505409,,
1971-02-28,-0.3689441292092481,,
1971-03-31,-0.2684057319833369,,
1971-04-30,-0.11704440499448378,,
1971-05-31,-0.04775606638655865,,
1971-06-30,-0.04195704598136566,,
1971-07-31,-0.06636627211560643,,
1971-08-31,-0.08608267393847564,,
1971-09-30,0.016122718166011532,,
1971-10-31,0.2704216718532876,,
1971-11-30,0.4628718075005373,,
1971-12-31,0.3690617025710455,,
1972-01-31,0.46373674444455887,,
1972-02-29,0.5935432812225481,,
1972-03-31,0.5904920418206184,,
1972-04-30,0.6255190708564209,,
1972-05-31,0.5978160099631776,,
1972-06-30,0.6454858772320737,,
1972-07-31,0.595326067015694,,
1972-08-31,0.8676051505314802,,
1972-09-30,0.8942071602175249,,
1972-10-31,0.9760843699081118,,
1972-11-30,1.018791655422506,,
1972-12-31,1.0105125073935215,,
1973-01-31,1.042602253973374,,
1973-02-28,1.0971539559577694,,
1973-03-31,1.015576220025355,,
1973-04-30,0.8534270317599983,,
1973-05-31,0.8535222317183203,,
1973-06-30,0.8170375222296404,,
1973-07-31,0.8663070941201033,,
1973-08-31,0.5271848790044296,,
1973-09-30,0.5070142446327579,,
1973-10-31,0.4582572594023033,,
1973-11-30,0.37931106026864847,,
1973-12-31,0.2009498751338515,,
1974-01-31,0.03412740484829899,,
1974-02-28,-0.17497906243445724,,
1974-03-31,-0.15080356193867617,,
1974-04-30,-0.27826372827520146,,
1974-05-31,-0.29377362436120896,,
1974-06-30,-0.37796207720891123,,
1974-07-31,-0.4844836537463425,,
1974-08-31,-0.573019877551909,,
1974-09-30,-0.6468815213525643,,
1974-10-31,-0.830904170969356,,
1974-11-30,-1.2959520150850652,,
1974-12-31,-1.5545273259881738,,
1975-01-31,-1.67234215304553,,
1975-02-28,-1.9243855367437916,,
1975-03-31,-1.9994263529924945,,
1975-04-30,-1.8346415721904343,,
1975-05-31,-1.9477164722306257,,
1975-06-30,-1.7779849765362117,,
1975-07-31,-1.5670771452945882,,
1975-08-31,-1.3159691080264402,,
1975-09-30,-1.0983739387133233,,
1975-10-31,-0.8922204238563765,,
1975-11-30,-0.5339264758833155,,
1975-12-31,-0.010396503178122532,,
1976-01-31,0.4407428912830549,,
1976-02-29,0.8710768023149531,,
1976-03-31,1.025624897901437,,
1976-04-30,0.9485204424145082,,
1976-05-31,1.0481113811896066,,
1976-06-30,0.9794454504785932,,
1976-07-31,0.8693653026042937,,
1976-08-31,0.8021750250640263,,
1976-09-30,0.789203261010309,,
1976-10-31,0.5939629621061551,,
1976-11-30,0.7288680099787053,,
1976-12-31,0.7160353031581312,,
1977-01-31,0.4220934747587957,,
1977-02-28,0.5405518743062939,,
1977-03-31,0.7241190987497912,,
1977-04-30,0.8056043517739009,,
1977-05-31,0.811913640997265,,
1977-06-30,0.8590735567086342,,
1977-07-31,0.8697698999433071,,
1977-08-31,0.845978251379259,,
1977-09-30,0.7942558650598349,,
1977-10-31,0.9813706787352799,,
1977-11-30,0.8661009992619714,,
1977-12-31,0.8543141701678704,,
1978-01-31,0.6723925649730885,,
1978-02-28,0.5691068273792996,,
1978-03-31,0.6275732921542673,,
1978-04-30,0.8110003025543813,,
1978-05-31,0.7267603269201129,,
1978-06-30,0.7719916308501534,,
1978-07-31,0.6729562039449613,,
1978-08-31,0.6918528026938229,,
1978-09-30,0.6706814539739097,,
1978-10-31,0.6517702397611086,,
1978-11-30,0.6676571161480009,,
1978-12-31,0.5840201446735842,,
1979-01-31,0.7407057942370576,,
1979-02-28,0.6560947745209151,,
1979-03-31,0.6025522178642047,,
1979-04-30,0.05618068245565226,,
1979-05-31,0.2725527890994211,,
1979-06-30,0.12383012449348407,,
1979-07-31,0.10433883252932297,,
1979-08-31,-0.025942536431793645,,
1979-09-30,-0.059234547556309795,,
1979-10-31,-0.18293545629734917,,
1979-11-30,-0.31789196834961225,,
1979-12-31,-0.3658840524589285,,
1980-01-31,-0.2569723818508491,,
1980-02-29,-0.33598197544161534,,
1980-03-31,-0.6918085411485462,,
1980-04-30,-0.7313296933374764,,
1980-05-31,-1.2927207622280303,,
1980-06-30,-1.3009779747456625,,
1980-07-31,-1.2832830466847467,,
1980-08-31,-1.0395790024189837,,
1980-09-30,-0.869645492450063,,
1980-10-31,-0.6886381691519585,,
1980-11-30,-0.506291414483851,,
1980-12-31,-0.46853474526775507,,
1981-01-31,-0.47780585488618493,,
1981-02-28,-0.5301689232710733,,
1981-03-31,-0.2909711972087653,,
1981-04-30,0.02867840639283296,,
1981-05-31,0.2797864212012112,,
1981-06-30,0.19412280685126895,,
1981-07-31,0.289410305506268,,
1981-08-31,0.11969909499443401,,
1981-09-30,-0.1566193038175006,,
1981-10-31,-0.47260993369645055,,
1981-11-30,-0.7644172310526244,,
1981-12-31,-0.9548124106044982,,
1982-01-31,-1.2636047687473317,0.2213413253971846,0.03899678518650807
1982-02-28,-0.8260139289052638,0.1183276136915471,0.14051088997663147
1982-03-31,-0.9837857696393516,0.1488359107818074,0.10434834621775069
1982-04-30,-1.1047894955524404,0.17113036453400104,0.10592623642720683
1982-05-31,-1.09430657522167,0.17419297083503643,0.07793575717231817
1982-06-30,-1.1742743366301616,0.1948860093282639,0.05951525646210426
1982-07-31,-1.2522674995263707,0.22512325141471085,0.025919835243286376
1982-08-31,-1.3766963808417298,0.2891173916824846,0.0023423256619192613
1982-09-30,-1.2471854337818609,0.25765541268475695,0.0020684500760207807
1982-10-31,-1.1732594828604008,0.22046540089797884,0.009970060442977631
1982-11-30,-0.9657315180110678,0.16645682966909792,0.02281758322440137
1982-12-31,-0.8657203761767933,0.14965019727335183,0.019781637871060978
1983-01-31,-0.18717554914864276,0.05962950704920362,0.019723184529726323
1983-02-28,-0.5204849302731274,0.09630284541075207,0.019926865048948524
1983-03-31,-0.3251485837375115,0.06970162209645307,0.032962839934021174
1983-04-30,-0.11673270130908438,0.05095219324485866,0.031682682320206136
1983-05-31,0.07165516666978707,0.03752124001988916,0.03175326413782011
1983-06-30,0.3457453750856933,0.022777729012737113,0.03776338075496506
1983-07-31,0.48047327151568897,0.018250935359934384,0.030399034916816853
1983-08-31,0.6496306003721395,0.013499575910225128,0.025277136648081126
1983-09-30,0.8170649793706517,0.009899536066748923,0.020765128937844102
1983-10-31,1.0872711069686831,0.005808587250417791,0.015589171077020474
1983-11-30,1.1746392299704609,0.004810386313234378,0.015140428266521377
1983-12-31,1.3041923228687986,0.003529056245365192,0.017065959053033125
1984-01-31,1.2755230951210554,0.0037326785923801663,0.018262747110048327
1984-02-29,1.487407004886959,0.0022612779393655076,0.018828357426400637
1984-03-31,1.2924063034369235,0.0036018319528641593,0.017883798839434133
1984-04-30,1.301047946639338,0.003604532553111661,0.015458305488316816
1984-05-31,1.1474484513011327,0.005598480093139972,0.007389939493129431
1984-06-30,1.1010151221584046,0.006302072574955867,0.006386484917956486
1984-07-31,0.9161467036450683,0.008708522659422211,0.011323169624450666
1984-08-31,0.9220471035110662,0.007433012028024347,0.034006239491343786
1984-09-30,0.7784661762382097,0.009896876405712815,0.0371149717681452
1984-10-31,0.6011555007781012,0.014699158609164447,0.027211167024450405
1984-11-30,0.5587656105001068,0.017279524329288455,0.014001589071377007
1984-12-31,0.45932369718043353,0.022200799507285856,0.007607188280434116
1985-01-31,0.2800861997919706,0.03128202790509378,0.0059056675712652355
1985-02-28,0.0872961114970482,0.04126741185098686,0.009820416745494867
1985-03-31,0.2610025230526829,0.03105939700619136,0.008989441198407196
1985-04-30,0.11359570030741548,0.04070069997944302,0.007143062828185536
1985-05-31,0.08419596617159443,0.04223799804252421,0.008072983722802003
1985-06-30,-0.002984776750695513,0.04788787178817055,0.009538439603821227
1985-07-31,-0.010883282300585608,0.04857056743499134,0.009374311717318487
1985-08-31,0.10570104466696903,0.040079666902608425,0.009707186346632278
1985-09-30,0.06792235704122357,0.043019061939117545,0.008830334081987272
1985-10-31,0.06639952492623367,0.04215361607933838,0.011263776427434972
1985-11-30,0.053631257389354356,0.040554146631312724,0.020478757023954828
1985-12-31,0.14605211632713547,0.03326175932082478,0.030351437936829345
1986-01-31,0.2202856088077781,0.029130506783876554,0.03151094624837393
1986-02-28,0.14978891641164438,0.031104968449513954,0.04997490480000526
1986-03-31,0.02716896875039168,0.03658544886460773,0.07125398860723678
1986-04-30,0.1036385278656304,0.032315833516498436,0.06830990977789334
1986-05-31,0.07774131996225928,0.03502280309182824,0.05179590605960329
1986-06-30,0.07639955412001423,0.035216770913565267,0.05047625279318798
1986-07-31,0.10440603453680912,0.033194546293457625,0.0552594416793474
1986-08-31,-0.015491274815126294,0.041405452957825425,0.04696932174740928
1986-09-30,0.0360713028896912,0.04076677965960281,0.025587964174785545
1986-10-31,0.010283252266316472,0.0425643716636509,0.025376912229362187
1986-11-30,0.004350017978102064,0.041314151876907984,0.03626300116807412
1986-12-31,0.09724118840359808,0.0341015497279866,0.04922691085355867
1987-01-31,-0.054166570255017935,0.04422848288164354,0.04583825038347268
1987-02-28,0.22754724348525568,0.02743562041873587,0.04614145570229916
1987-03-31,0.20672864032357663,0.028401987672212796,0.046870607114686824
1987-04-30,0.1980420894367356,0.03143344184278286,0.02274667249893303
1987-05-31,0.25053453744973164,0.030672196556393493,0.01221489334519819
1987-06-30,0.2825387377907644,0.028259010906293826,0.01568174168199574
1987-07-31,0.3435011365837289,0.025427742755335703,0.015333092022297842
1987-08-31,0.39536050204315426,0.023044495730040953,0.01604765975053795
1987-09-30,0.4023763119696866,0.02353848451823162,0.011740953925248189
1987-10-31,0.4828785726868589,0.021281943377954433,0.00754132582561135
1987-11-30,0.45589639902068146,0.021811073330131252,0.009601244649343293
1987-12-31,0.3642547971832592,0.025921541389101826,0.00895751411021761
1988-01-31,0.4376110869602831,0.02169517225711771,0.01379285506883655
1988-02-29,0.4009770649531742,0.022366449344812734,0.019100230572519333
1988-03-31,0.48313600405028667,0.019551617381025965,0.016477351849243115
1988-04-30,0.5216760664159252,0.01850247540573602,0.014200701439242383
1988-05-31,0.4934668352076876,0.01950288497798739,0.014212634971331425
1988-06-30,0.5559158934880677,0.016511316678232506,0.02156285099888604
1988-07-31,0.46350080232822793,0.019282045742583943,0.025249612767841167
1988-08-31,0.447111932504976,0.01951030777969921,0.029386364958872885
1988-09-30,0.4385734480801758,0.01868645782298778,0.04615989329210341
1988-10-31,0.4708697866959168,0.016910552508977193,0.06071120939541842
1988-11-30,0.4650485938425784,0.01651903259907229,0.07628646850009745
1988-12-31,0.48045298668432207,0.015670684321003745,0.08828652071452026
1989-01-31,0.6325651918030922,0.011272151748351875,0.10544752163289428
1989-02-28,0.4284113100718316,0.01637507470131233,0.12277328402552651
1989-03-31,0.3617814592396164,0.018300594842423395,0.1337045675888433
1989-04-30,0.29066560753754334,0.020885019981948916,0.13394155242016975
1989-05-31,0.2368498440286244,0.02278960802806249,0.14281235533553238
1989-06-30,0.11765129852184332,0.027263503006658328,0.17301877399275506
1989-07-31,0.05447900308320151,0.030555271267904145,0.1697446197873001
1989-08-31,0.15114086510368693,0.02600489247842797,0.16182460245684294
1989-09-30,0.06303470812288964,0.031212228676784453,0.13754886654040033
1989-10-31,-0.04275063941670864,0.03706990705558626,0.14434045242544807
1989-11-30,-0.07117803597413176,0.03809084573699528,0.1631585956572279
1989-12-31,-0.12458895516457563,0.04172778375179538,0.16030597764178284
1990-01-31,-0.17082548084952065,0.046765598695889955,0.12492656370725796
1990-02-28,-0.06558169902284962,0.04012846033088228,0.11059029027633199
1990-03-31,0.009919173256547013,0.03516188278829675,0.11508023518485422
1990-04-30,-0.09743982971046153,0.043596134443229594,0.08915934344620874
1990-05-31,-0.015546112531552848,0.03812802057876192,0.08870113087057052
1990-06-30,0.04262880508513078,0.033552488417633725,0.10872026681209501
1990-07-31,0.00873880548618657,0.03596430740680695,0.10034460550325275
1990-08-31,-0.21978987078743112,0.05477999372443308,0.06862734324971587
1990-09-30,-0.2981578595902442,0.06329789954445961,0.05567894539206584
1990-10-31,-0.4733697647762368,0.08194735123665692,0.054469265403011426
1990-11-30,-0.6012370990731486,0.09585659730444068,0.0661059921477535
1990-12-31,-0.6823686601065054,0.10710329883968522,0.06473781416963231
1991-01-31,-0.8942052632217163,0.14674917791709152,0.038756427127765426
1991-02-28,-0.9568637493611268,0.1587740526051713,0.03669694455688027
1991-03-31,-0.9625158605632848,0.1633999811951748,0.027760487975082477
1991-04-30,-0.8168002702307776,0.13964366432012654,0.022590304871027794
1991-05-31,-0.7869658402986949,0.13714917760822004,0.017794466982813572
1991-06-30,-0.7364968596285651,0.12993265046005004,0.0159428029714678
1991-07-31,-0.6233576254960924,0.11237063366970101,0.016143496459643022
1991-08-31,-0.575481890948177,0.10437889727659905,0.018427860679551114
1991-09-30,-0.4570276002935502,0.087806798244278,0.02112282310849027
1991-10-31,-0.341365908438076,0.07529667174983726,0.01881703764424859
1991-11-30,-0.27826728760505176,0.07109168171223848,0.012773443573329268
1991-12-31,-0.2538450755287341,0.06981516998866827,0.010390421430655302
1992-01-31,-0.030327964924851025,0.05083143426086109,0.007949725441478577
1992-02-29,0.0710068126060788,0.04449216344285416,0.005730927670871227
1992-03-31,0.2343345398489878,0.03398972000959526,0.005616982434341741
1992-04-30,0.19300895863301987,0.03745744335422084,0.004124360343303004
1992-05-31,0.2127905470550026,0.0363674745389454,0.003955557631388743
1992-06-30,0.1636445062790226,0.03878032604340291,0.004855277842869712
1992-07-31,0.1694346676577907,0.03862018771922634,0.004559979499893066
1992-08-31,0.14079513414527137,0.03968642467175002,0.0057399026928234695
1992-09-30,0.10132128903507764,0.04263170492186309,0.00531570940978362
1992-10-31,0.13364647699779897,0.04139615443581514,0.004044646663332041
1992-11-30,0.24986060045781172,0.034136566471287676,0.003985206787715836
1992-12-31,0.5278328207054163,0.020369801715086858,0.005101269830276377
1993-01-31,0.45601901044666215,0.023379051668524137,0.004779377321598068
1993-02-28,0.5347609837920253,0.0195740870472251,0.006682300417982566
1993-03-31,0.32514222234961554,0.02755624620365303,0.0097129278585005
1993-04-30,0.4654128458653158,0.021619136420690004,0.008840524070033193
1993-05-31,0.3566835200839521,0.026216636787065758,0.00915079123925774
1993-06-30,0.44160527533089927,0.02196561432526033,0.011500361467399847
1993-07-31,0.4323854172151355,0.0219951609347477,0.013277565011329063
1993-08-31,0.541839516346843,0.01770248099245591,0.014998818606894112
1993-09-30,0.5614973926878697,0.016538651363376802,0.019479829298930426
1993-10-31,0.6056316002720514,0.01497630726624901,0.0219178747267984
1993-11-30,0.627249688747785,0.014950185941183369,0.01573863362194485
1993-12-31,0.7622159057499428,0.011618628167114732,0.014026054077558569
1994-01-31,0.7181943806480064,0.012786393632236282,0.013099937908134665
1994-02-28,0.6771123131084533,0.013745448865547513,0.014085841944446046
1994-03-31,1.0941260432416082,0.006018843788533563,0.010546107169031508
1994-04-30,0.9651809819555243,0.008277084735239151,0.007334120008209821
1994-05-31,1.0998312408081385,0.005965948424533836,0.010250356139685276
1994-06-30,1.117041148013098,0.005692187705336996,0.011049156644883042
1994-07-31,1.075726358377114,0.006217179592574813,0.011190043958768162
1994-08-31,1.1815657803678363,0.004769664668630215,0.014381932972646385
1994-09-30,1.1259032378876228,0.005461392599893532,0.013104245718997414
1994-10-31,1.1534238039005364,0.005090825688608212,0.014095981589836163
1994-11-30,1.1542390530254043,0.004977880149430387,0.016431099102955066
1994-12-31,0.9824631419996493,0.0067616311943389925,0.026844487803472813
1995-01-31,1.2446944275708176,0.003684842356877309,0.03195433354166964
1995-02-28,1.1087529613323441,0.004747054427159326,0.04483577587672986
1995-03-31,0.7964815756899819,0.008972624369178459,0.05572495617080579
1995-04-30,0.5684138227153863,0.014060734721066717,0.059312831906108886
1995-05-31,0.6065544954312072,0.01229112480643044,0.08630825026112016
1995-06-30,0.5394688046891519,0.013555443418527944,0.10576684463835373
1995-07-31,0.4269987418174497,0.017192569394461867,0.09356652934408444
1995-08-31,0.4942195022909652,0.015597450010821553,0.07701992278200737
1995-09-30,0.5538048276354904,0.01360119146457794,0.08783211967774263
1995-10-31,0.35159559986597133,0.01959592366396816,0.10004508644254573
1995-11-30,0.3433729277712472,0.019426620424214183,0.11562460603085994
1995-12-31,0.3121423239593175,0.020599033215101946,0.11517899038027402
1996-01-31,-0.012719286366680406,0.03688022368764261,0.1080069561866856
1996-02-29,0.3648080622410233,0.01971511927639502,0.08243202472699873
1996-03-31,0.4000972327029667,0.019254400307760364,0.062207062175855775
1996-04-30,0.5569591119425614,0.014763913033697755,0.04951757995142138
1996-05-31,0.6518255555779946,0.012522543694729485,0.04263225297460209
1996-06-30,0.695939205270866,0.011621674190260178,0.038827153177534435
1996-07-31,0.7678842430055957,0.009889874734748422,0.04328205139583618
1996-08-31,0.6702044270742292,0.011849451005018193,0.04848573017869046
1996-09-30,0.614278341282873,0.013506399723278363,0.042174787176200226
1996-10-31,0.6734142518335847,0.011715868340631866,0.05012403728802432
1996-11-30,0.7531311806385486,0.009458226494056378,0.0700615114615059
1996-12-31,0.6094670510279798,0.013037140585423556,0.05737522725781356
1997-01-31,0.9506789847035869,0.006593269400017975,0.049991089695515724
1997-02-28,0.906553573218571,0.007103103469352681,0.056583908272679125
1997-03-31,0.9394171677421909,0.006751232045921696,0.05014505475666331
1997-04-30,0.922071306369879,0.007183235204119936,0.04272459552203064
1997-05-31,0.7314567363761943,0.010573215211192956,0.04550414714949222
1997-06-30,0.7805128824882984,0.009443336275666448,0.04955326602950355
1997-07-31,0.9695598448229703,0.0059769877114095125,0.07056185927653993
1997-08-31,0.923060653948011,0.006602004447790142,0.07097748644501295
1997-09-30,0.9873968627759648,0.00583393803869209,0.06483345824134468
1997-10-31,0.9784541968471326,0.005767752473268869,0.07739480647590488
1997-11-30,0.9484966530223822,0.005867191872424981,0.10056341701443838
1997-12-31,1.0368537024131155,0.004764450877326334,0.10782556650551539
1998-01-31,1.0436152984370164,0.004594660057238085,0.11976264626071054
1998-02-28,0.9507243390545994,0.005625271474014233,0.1216283262496825
1998-03-31,0.8150023509576864,0.007687939210102406,0.10937891873356415
1998-04-30,0.8062508477703957,0.00790968400654231,0.10368259232273797
1998-05-31,0.9227146894384243,0.006130474941463656,0.10712989018046276
1998-06-30,0.7680135358611012,0.008348173819647598,0.11915846843079292
1998-07-31,0.4917495252090871,0.014559966593707858,0.11964488561943665
1998-08-31,0.5028616155617877,0.014123677177950274,0.1256293052542533
1998-09-30,0.2733895658360988,0.02116844144950205,0.1484945046340096
1998-10-31,0.22686083207739385,0.024193286008762836,0.11156690782930873
1998-11-30,0.32073198739363057,0.01996481054230033,0.12605830799312867
1998-12-31,0.430831106955318,0.015910885377545772,0.1403042950187764
1999-01-31,0.3411519466861084,0.01916979991515404,0.12796977918014985
1999-02-28,0.3908225007219001,0.017844004247070604,0.11291873634339589
1999-03-31,0.4807491187990772,0.01547487837410916,0.09498856287030155
1999-04-30,0.4142013962872295,0.017821852621247917,0.08698235122185377
1999-05-31,0.4052415305814408,0.018438767350165686,0.07793575717231817
1999-06-30,0.4161287217732443,0.018717142872537323,0.06149008442326741
1999-07-31,0.6762994252386483,0.011170965133493131,0.0658368537564541
1999-08-31,0.5181326585819271,0.015178203705399898,0.06820279938611723
1999-09-30,0.41553277488827034,0.018519763050259753,0.06660414847298923
1999-10-31,0.49099557052509607,0.016040555844415487,0.06685638429462762
1999-11-30,0.5564504133989787,0.01360917653941543,0.08480424024416233
1999-12-31,0.670447931119531,0.01101460198083384,0.07727694658796352
2000-01-31,0.7658907797814624,0.009380516011142166,0.06269932316395521
2000-02-29,0.4878485867546521,0.015521382874500143,0.08578134623499795
2000-03-31,0.6158416011900728,0.011434352665388111,0.11735728803850043
2000-04-30,0.647833589241442,0.010392063976151708,0.13824391865680608
2000-05-31,0.414606082163651,0.01706309196227159,0.11272815157114258
2000-06-30,0.6659973897751255,0.010108006878998585,0.13178432401285056
2000-07-31,0.36548346072878957,0.01747325127551113,0.16525935408688763
2000-08-31,0.2879575569882908,0.019291860643291667,0.20875090017234227
2000-09-30,0.4245333891308277,0.01502879698824516,0.19920853723040588
2000-10-31,0.0946164700938211,0.02705778817112806,0.2224811788644916
2000-11-30,-0.02649840990959324,0.033073517478582254,0.23368255472992355
2000-12-31,-0.42647476949530677,0.06253170125360662,0.24162948670788958
2001-01-31,-0.5050283524269253,0.07442361131314475,0.1692684187813321
2001-02-28,-0.44535892782480946,0.06971596961458838,0.1458103791136493
2001-03-31,-0.8188585335893146,0.11936433188043144,0.12115348219033584
2001-04-30,-1.079316320478194,0.17483608138947998,0.06198548937114327
2001-05-31,-0.8904226330594677,0.14615377836157073,0.03853896833461569
2001-06-30,-1.1882508779825542,0.2052057849022778,0.037398556568507865
2001-07-31,-1.1537222476980313,0.19665365160384551,0.04026480650696184
2001-08-31,-1.223148957841356,0.2100748972761569,0.044688909620238255
2001-09-30,-1.8439327121957996,0.3806486580755217,0.02711300580648859
2001-10-31,-1.654567788968312,0.3330092239043928,0.019108753630222824
2001-11-30,-1.6917577828650174,0.35071875486791515,0.012523291025719195
2001-12-31,-1.6391644295198518,0.34789243912740986,0.005881602780646213
2002-01-31,-1.6024976086759553,0.3372463103532387,0.006006426845868139
2002-02-28,-1.4706031194933278,0.29757561274226163,0.0076755944654657545
2002-03-31,-1.3411883722348605,0.2694061058464845,0.005232050567982592
2002-04-30,-1.107406937135458,0.2137609804821774,0.005185698860166089
2002-05-31,-1.0581546113063214,0.202017738714728,0.0056137223209699535
2002-06-30,-0.9919586671923207,0.18507929232810683,0.0073076278804450456
2002-07-31,-1.0450282340808592,0.1924558257534864,0.009963575674971878
2002-08-31,-0.8727550736627381,0.154285109235485,0.014618022883595658
2002-09-30,-0.8231519623174784,0.14069735035446285,0.022653680512493262
2002-10-31,-0.9119787784360213,0.15797575289978638,0.0199186010684981
2002-11-30,-0.6206039034332187,0.1147095136560306,0.011834399215031589
2002-12-31,-0.655665927878195,0.12029254482608187,0.011456710752568109
2003-01-31,-0.48707078363094686,0.09667153136656448,0.010955196969637582
2003-02-28,-0.7327498905234213,0.1313774063999983,0.012929522733193803
2003-03-31,-0.6044965834869606,0.11096347005879237,0.01386967248664748
2003-04-30,-0.7290006652888781,0.13175894883904055,0.011662832433665057
2003-05-31,-0.5867046153271591,0.10670262276168124,0.016895479890361508
2003-06-30,-0.49745759664340766,0.09391715855379018,0.018512429709855116
2003-07-31,-0.45413713304024994,0.09413145381742016,0.008671194323000123
2003-08-31,-0.4818818148044921,0.10162262573775849,0.005117399508484857
2003-09-30,-0.18830759577008843,0.06608093312729385,0.0062537398618914995
2003-10-31,-0.06250108061484341,0.054742986077633775,0.006024083367634174
2003-11-30,0.044191074243585295,0.04625227346923401,0.006030640611591335
2003-12-31,0.17315878716012564,0.03746432989981495,0.005989473731657822
2004-01-31,0.04677448705011424,0.04556715015195263,0.006820059892322856
2004-02-29,0.264471517355725,0.031293839804590995,0.007821113537682334
2004-03-31,0.4121644474778161,0.023334027644927088,0.010781864159004942
2004-04-30,0.5083505212542366,0.020879439281860764,0.0057190412510829906
2004-05-31,0.5155411934721524,0.021362470964480126,0.003939844012390894
2004-06-30,0.352277314520413,0.027852487923441832,0.005322218761274283
2004-07-31,0.5299938858185794,0.019434187409262473,0.0078114816890689715
2004-08-31,0.42853645134939083,0.022383941070255337,0.012050104359258003
2004-09-30,0.48687694059522957,0.01926959847160458,0.017595491870758387
2004-10-31,0.45028983994957145,0.020256870421665883,0.020539898592236674
2004-11-30,0.3517021839604199,0.02361432672961292,0.025821816719353408
2004-12-31,0.6377084886922689,0.013636895213309389,0.0279987239123479
2005-01-31,0.6776305132688436,0.012337478733478721,0.032846413192870225
2005-02-28,0.7335979788140244,0.010632456176141466,0.04252650091275514
2005-03-31,0.39517893324589587,0.020786903155197066,0.03803169261598346
2005-04-30,0.5875032809878591,0.014062246751373375,0.04593362977882926
2005-05-31,0.4319539365914001,0.018305936146240386,0.05838672218187695
2005-06-30,0.7719674986825944,0.0090050295034518,0.07451768340747401
2005-07-31,0.611839597823177,0.012337782103742574,0.07914913513327654
2005-08-31,0.696926049882198,0.010189169990317184,0.0892064024487616
2005-09-30,0.41413363542858184,0.01766186535926897,0.09209753198565251
2005-10-31,0.48713018615568054,0.015295556739813237,0.09461763943424911
2005-11-30,0.7448473682765463,0.008998254233548707,0.10322081381021814
2005-12-31,0.5276269245454815,0.013812611858953135,0.10848212114891642
2006-01-31,0.7365503682044505,0.008549945220566043,0.1472154522145559
2006-02-28,0.6618111084786202,0.00990524224419074,0.15248182563473428
2006-03-31,0.91621439144385,0.00584411922198579,0.14556460230870583
2006-04-30,0.655911685288098,0.010366113472685852,0.12861138831781005
2006-05-31,0.590669646443457,0.011831043855587177,0.12817144391206198
2006-06-30,0.41585225404017806,0.016460822756522487,0.13630950024470145
2006-07-31,0.3651800162354188,0.017710074138842343,0.15443817826388417
2006-08-31,0.3130089525279535,0.01897753457187599,0.17958076000298506
2006-09-30,0.510804102514176,0.012980480480189481,0.1792395051383862
2006-10-31,0.2926085196282879,0.019455747717785264,0.19193649481270098
2006-11-30,0.1694548073906042,0.023898213194389967,0.21220968488294756
2006-12-31,0.27428179520784424,0.019897531658941887,0.20329420735123432
2007-01-31,0.03895425784492049,0.030589659671416997,0.1954461027397026
2007-02-28,0.031186151963385648,0.03065730048381807,0.207368848778252
2007-03-31,0.0211006628718014,0.030921295107291132,0.21708839154038062
2007-04-30,0.10237073750182564,0.02748705613115945,0.19141340071330282
2007-05-31,0.0937865556378322,0.02855623080590746,0.16893873715897284
2007-06-30,0.0366989317872527,0.033373481199837275,0.12016953808303771
2007-07-31,0.04217504662863617,0.03185213060184572,0.15102494062295568
2007-08-31,-0.1564707233138291,0.045948478215000886,0.12044982324042308
2007-09-30,-0.35374427682850346,0.06358383568638325,0.10590777165444237
2007-10-31,-0.18400096326264628,0.04890162936501108,0.10610176781374203
2007-11-30,-0.36463428080246574,0.06641649688772457,0.08567625497785858
2007-12-31,-0.5849117271871795,0.09312707927376906,0.07025469308233388
2008-01-31,-0.5260181470002547,0.08495626432945053,0.07691160904924742
2008-02-29,-0.7609323090395331,0.12325435191286394,0.04343731382377722
2008-03-31,-1.1318263706871166,0.20051552581276666,0.022283215436585898
2008-04-30,-1.1039103617919375,0.19655140623718387,0.019232225597703403
2008-05-31,-1.1446530569759537,0.2016435402265968,0.025046910745757996
2008-06-30,-1.2663921352317997,0.23039285445151775,0.022700710401884296
2008-07-31,-1.4730799172372733,0.2838009193813634,0.01945233736818031
2008-08-31,-1.7147234178827342,0.34534809992591264,0.024601342130717678
2008-09-30,-2.292929469998165,0.526560712200056,0.015826703271725757
2008-10-31,-3.357714416456864,0.8195566833182152,0.007930326954076647
2008-11-30,-3.747642731747765,0.8893906292174074,0.006146224712592562
2008-12-31,-4.090145117973273,0.924488196911413,0.018835743014058815
2009-01-31,-4.369044178677519,0.9505285317790357,0.01871816284909082
2009-02-28,-4.3847154730835,0.9527195132576848,0.015212483311222123
2009-03-31,-4.712520438241873,0.9728597435909219,0.014723797867299361
2009-04-30,-4.709291008659847,0.9732460266296035,0.012178789912569855
2009-05-31,-4.445508685059647,0.9596660479078054,0.008049649616054942
2009-06-30,-4.22871695101196,0.9455413112946708,0.004691653497593744
2009-07-31,-3.8760928207442493,0.9072745605588892,0.005798898108356337
2009-08-31,-3.5172534936881017,0.853377749822807,0.005534296068826365
2009-09-30,-3.0945230301631073,0.7641872998908701,0.006580445495043494
2009-10-31,-2.8138223343494597,0.6937494843148322,0.006298974627823725
2009-11-30,-2.26506778774351,0.5349991253653246,0.006009671572983419
2009-12-31,-1.608071240793361,0.3423591349610722,0.00473909512284742
2010-01-31,-0.8083853964083327,0.1558070445062099,0.003963020498051693
2010-02-28,-0.7257506892168635,0.14009857688567556,0.004459065861331386
2010-03-31,0.05021631576450369,0.046974978781733595,0.004489229304677596
2010-04-30,0.42096524197291535,0.02538323048895074,0.003895390036418478
2010-05-31,0.38909916158087726,0.025510159975712255,0.006735332178870052
2010-06-30,0.3610305383481081,0.026237328212850138,0.008406889769937163
2010-07-31,0.32440753235716024,0.02723719918926971,0.011029184473192755
2010-08-31,0.3702919323559967,0.024162644139224185,0.015753888220916567
2010-09-30,0.49956098054102527,0.018942534193418594,0.0166204561013831
2010-10-31,0.49691711562789487,0.018817634201387753,0.018362753306428385
2010-11-30,0.4374202180908809,0.021591193831715892,0.014453126203724192
2010-12-31,0.5463359064501793,0.018872933778452422,0.00772049839092741
2011-01-31,0.4727681013667071,0.021879849979629336,0.006888518537513742
2011-02-28,0.48334334472824064,0.02201124111264654,0.005332511117593117
2011-03-31,0.42535753667401816,0.024062069421591534,0.006294372427705509
2011-04-30,0.27692753236834855,0.031572800074503,0.005668387082879665
2011-05-31,0.17821851452294935,0.03619803740048639,0.007935804911051544
2011-06-30,0.21837652764574092,0.033183533265314584,0.009665019974237465
2011-07-31,0.27760290421547623,0.029965103909054543,0.009659234633282091
2011-08-31,0.043866556776949193,0.04108766627472908,0.021073060977086215
2011-09-30,-0.06279465928553003,0.04715376537270142,0.029369642242391757
2011-10-31,0.14500154436066526,0.03412379780083275,0.02459765718769748
2011-11-30,0.09530774807793052,0.036543558773402575,0.02824918805780843
2011-12-31,0.2532014565371399,0.02774407362508796,0.02921332780276791
2012-01-31,0.41938011941051906,0.020465483571951687,0.030260808814720094
2012-02-29,0.6227087444928385,0.013795812094086705,0.03203459605932494
2012-03-31,0.3866464025669504,0.02216715048630012,0.025764477915647132
2012-04-30,0.461866694346917,0.019000240028906424,0.029142504572285285
2012-05-31,0.4040410457820823,0.02048004756587028,0.03759647182353361
2012-06-30,0.27418327850293883,0.025351307432618254,0.04479552391465433
2012-07-31,0.21500918182868423,0.027812896680904853,0.04924861433175415
2012-08-31,0.09084574468958484,0.035061532754855185,0.0429388074311179
2012-09-30,0.24121861930520608,0.02716744011475119,0.041241794367103235
2012-10-31,0.21895569984331392,0.028334347727782726,0.04032020672519957
2012-11-30,0.2866373010255679,0.0248822271631244,0.04356109616607342
2012-12-31,0.2812332193239613,0.02539822719849662,0.040027289673437404
2013-01-31,0.017261605895740554,0.04085826802649095,0.03317664144967363
2013-02-28,0.047353021459528986,0.03907471725145915,0.03172209147820579
2013-03-31,0.013163169743801927,0.04127355694406904,0.03219562051941588
2013-04-30,0.018408887925024726,0.04013574252709095,0.0381327096516645
2013-05-31,0.14703606033701722,0.03303166342398884,0.03175947989436677
2013-06-30,0.11077436879440293,0.036645179814062644,0.02174292068733335
2013-07-31,0.0270285875006982,0.043520173343671406,0.015697749702940748
2013-08-31,0.22424641787850824,0.03182096210671407,0.013287471874897315
2013-09-30,0.1503813290438963,0.03650077747457417,0.011836942579167807
2013-10-31,0.10771246463075211,0.03820398617712789,0.01531740373889116
2013-11-30,0.24316855431479673,0.03064159509517072,0.013959625781285397
2013-12-31,0.026273167215098907,0.044990110875269405,0.01127265378466018
2014-01-31,0.04797700377513126,0.04333670598471571,0.011546496361599889
2014-02-28,0.059750329668211116,0.041768129833087045,0.013859356007480252
2014-03-31,0.3036425721666424,0.02763628690194718,0.013637582071884579
2014-04-30,0.3962422336633118,0.023431881852319193,0.013585640827630575
2014-05-31,0.3117447135961734,0.02677174597976986,0.016056210613398264
2014-06-30,0.39293900720197417,0.02324887659710378,0.015417371560715681
2014-07-31,0.7748018241670427,0.011126951668855923,0.016250425517227253
2014-08-31,0.5102450087662951,0.018309598973211404,0.018735720032744294
2014-09-30,0.47440631724028,0.019898954618276767,0.016279907649221693
2014-10-31,0.4248624472540949,0.021189365391808,0.02087962017221885
2014-11-30,0.2592793875784301,0.028586145424048005,0.020509146754056847
2014-12-31,0.3536709839483738,0.023798977820346155,0.023455222127660977
2015-01-31,0.44092266681389547,0.019469297227095346,0.032731747983056156
2015-02-28,0.2653216892681477,0.027126421336536685,0.029491281890533735
2015-03-31,0.15878115324264386,0.032874975737883234,0.027803323289318897
2015-04-30,0.19229466499492354,0.03065669630279734,0.03088482597074276
2015-05-31,0.07637227115543782,0.0385099726678434,0.023385467704921774
2015-06-30,0.07075725113202513,0.039617547041225505,0.019539048726223317
2015-07-31,-0.08058379403666718,0.05028480388741422,0.020767549076380967
2015-08-31,-0.11796032010189691,0.05221006376016496,0.025587964174785545
2015-09-30,-0.24253349980440136,0.06356617473309711,0.0241987658584881
2015-10-31,-0.21298510301500806,0.0601929051834028,0.02672577508995812
2015-11-30,-0.1994912974852988,0.059484511821477924,0.0244987252192046
2015-12-31,-0.3435805427407667,0.07281861341839264,0.02782931087729809
2016-01-31,-0.3404373561207828,0.07114739461056027,0.033594995506727836
2016-02-29,-0.30876475649473906,0.06544204001486216,0.0476525057715137
2016-03-31,-0.3114011935823809,0.06655539979104363,0.04228282197942141
2016-04-30,-0.32519518623815535,0.06783065554552396,0.04287797623528118
2016-05-31,-0.30059551362156917,0.06507642234079104,0.044855912775475994
2016-06-30,-0.401547223579926,0.07431003128223287,0.05195736731074879
2016-07-31,-0.30415898343941555,0.06326768845131558,0.06046955219601951
2016-08-31,-0.2938425110421776,0.06263999441109763,0.05763027335368394
2016-09-30,-0.28668070510431015,0.062476269577529435,0.053652130934375146
2016-10-31,-0.20322329905592118,0.055557522909123615,0.04909035452040742
2016-11-30,-0.22098009019386888,0.05865949458310585,0.038489692165442124
2016-12-31,-0.031489614264941346,0.04493151751562036,0.02881855250168127
2017-01-31,-0.057969328060031584,0.04654534737754342,0.030832420934205587
2017-02-28,0.009327381306348248,0.04163742814313613,0.03148791047571594
2017-03-31,0.08905940410474353,0.035816917320763746,0.036859234191173096
2017-04-30,0.10543111174583669,0.03386147738584092,0.04659870794754521
2017-05-31,0.18555809546674445,0.029185069337534127,0.05058804666393975
2017-06-30,0.3211341919946045,0.02232205179623717,0.061292790476487585
2017-07-31,0.13417845969557457,0.03127375670726368,0.058956492987234384
2017-08-31,0.1726391852594668,0.029063599828400684,0.061878607432319356
2017-09-30,0.28518479138477826,0.023732397353959503,0.06305863448784506
2017-10-31,0.3665555426245689,0.02074179707204751,0.05713062476584419
2017-11-30,0.5023738253124551,0.015723652132495054,0.06602803213693585
2017-12-31,0.4353718469302912,0.017767578660371035,0.06846545035661247
2018-01-31,0.3987324071945043,0.019255397993549184,0.06328451322280336
2018-02-28,0.3924771573785171,0.019780562377084778,0.05690605987810442
2018-03-31,0.424109637619676,0.018277374600256732,0.06529299349507857
2018-04-30,0.440232288695346,0.017650658581151654,0.06729506544901533
2018-05-31,0.5273470268699246,0.014935252421826754,0.06745665269522105
2018-06-30,0.4203596025411637,0.018080965200912923,0.07355674867447841
2018-07-31,0.5487186650208574,0.013980340848416196,0.07886677846765439
2018-08-31,0.5956117318595349,0.01261500227207418,0.08410993189230764
2018-09-30,0.4862610389830341,0.01566448344661983,0.08257175069368361
2018-10-31,0.2601739450848323,0.023935171008484465,0.08120823653677034
2018-11-30,0.11379401095562794,0.03057478897557876,0.08930371628380401
2018-12-31,-0.03746775792387149,0.038081334769020106,0.11491612307025523
2019-01-31,0.0006868053147464701,0.03518703109325555,0.12664432088889688
2019-02-28,-0.1412818761443465,0.04424802003723846,0.13150113179638873
2019-03-31,-0.05731895650144735,0.03802263233044528,0.14342271506081505
2019-04-30,-0.13803286830300063,0.04334096740218531,0.14521353121399122
2019-05-31,-0.2246348218402586,0.0492224105129223,0.15648700591224424
2019-06-30,-0.22894308326036966,0.04882586388378993,0.17167427930554324
2019-07-31,-0.23363711043440585,0.04951031917576175,0.16497150024594587
2019-08-31,-0.24399958695087248,0.04883258162563491,0.19772387918738532
2019-09-30,-0.24600399421396213,0.04967970121318413,0.18206319939493282
2019-10-31,-0.2915645046991707,0.054884708498784636,0.1526180963313722
2019-11-30,-0.20109444761545583,0.048713635077835146,0.13135057187791027
2019-12-31,-0.18090632481236554,0.04746900807881714,0.12593762037586298
2020-01-31,-0.11693132374984547,0.04237275543645394,0.13469285839756995
2020-02-29,-0.05694664235666955,0.03732002531593625,0.15998210286631998
2020-03-31,-2.590096840650579,0.5758381270020176,0.10209679846439701
2020-04-30,-7.509611974787477,0.9999623902103222,0.10655130253500833
2020-05-31,-5.531016854614233,0.9927368666397529,0.10435010669140099
2020-06-30,-3.8703723464119992,0.87946030391821,0.10253224699176078
2020-07-31,-3.0828072173073666,0.7139074976041578,0.10842985158872098
2020-08-31,-2.5332901436423265,0.5581191596674818,0.104413749687291
2020-09-30,-2.1602064336262283,0.4449468104081306,0.10238349003135305
2020-10-31,-1.6016406969425145,0.2875687883443555,0.0934419738420681
2020-11-30,-1.4009699413826167,0.23901645823905343,0.08673523291407137
2020-12-31,-1.1271054752713388,0.17987378631659767,0.0820677537006248
2021-01-31,-0.9456555509187625,0.14754986890856153,0.07230304421480419
2021-02-28,-1.2047875098935754,0.20131339279189892,0.05981482055604706
2021-03-31,0.7391390542944716,0.010504530953501111,0.04277927409809049
2021-04-30,5.459258526639596,1.5715309129763073e-09,0.041392343473099724
2021-05-31,3.836894063069602,1.4274087958968176e-06,0.0418338469980699
2021-06-30,2.5453711673126693,0.00010893323015759918,0.04685069455915008
2021-07-31,1.9369873426128654,0.0005926100999167534,0.05715504801689034
2021-08-31,1.580781344469135,0.0014824429079713477,0.059107167396077055
2021-09-30,1.284880718808689,0.0030805799536245512,0.053814988050788944
2021-10-31,1.2634111535506074,0.003341430155126706,0.04481463996708771
2021-11-30,1.40144736710209,0.002406930493486351,0.045773729009514534
2021-12-31,1.2827464063603344,0.0031324534882483626,0.05031344753224257
2022-01-31,1.0089698817538721,0.005992236913516541,0.041217880056134554
2022-02-28,1.302772812073762,0.0030930743216889462,0.04117943279840473
2022-03-31,0.8010275986843962,0.009387617627920003,0.038829607313523286
2022-04-30,0.7631477291498077,0.01058344408263628,0.028700988383744755
2022-05-31,0.5018283430028755,0.01747965622584213,0.031090568809289936
2022-06-30,0.35295135946138456,0.022189734206548243,0.041763455933217175
2022-07-31,0.29511147913501484,0.021743493778427565,0.10023969948065475
2022-08-31,0.3312497356469862,0.019280125047769863,0.13754031170070036
2022-09-30,0.29151906754023077,0.021074735902054352,0.12598170842934703
2022-10-31,0.04910613975882169,0.031726447703916326,0.14404538003920508
2022-11-30,-0.20108854774135215,0.04525290994426823,0.20627937397767787
2022-12-31,-0.3331172537243341,0.05393904765427315,0.2480123183405057
2023-01-31,-0.08168340610929595,0.03420754043247042,0.31012166521492956
2023-02-28,-0.27478740455319495,0.04763638687461669,0.29221370259020163
2023-03-31,-0.5114158294723371,0.06746273700265253,0.31640822242265465
2023-04-30,-0.3855531105964514,0.053332687724690034,0.38558868557113085
2023-05-31,-0.2758755470406337,0.04421059935638723,0.4064511808086633
2023-06-30,-0.2206420759507749,0.040701032161287024,0.3948792905024132
2023-07-31,-0.15924190728717405,0.03708654734566505,0.38140391353007824
2023-08-31,-0.22847784468601062,0.04252589810469086,0.34818022546847616
2023-09-30,-0.1860784369257396,0.04063876907514592,0.3133650131160762
2023-10-31,-0.3558897990316274,0.055496178937302174,0.25726972654532
2023-11-30,-0.11107379009499402,0.036518725142556795,0.28898669359838824
2023-12-31,0.004669585618202237,0.028558465876793126,0.353270401199606
2024-01-31,-0.3589175033562449,0.05236439778444164,0.34890985899702043
2024-02-29,-0.1519945220956806,0.03816309550498125,0.32237840049480365
2024-03-31,-0.11198924120593648,0.0355770241472697,0.32672327155227654
2024-04-30,-0.2380771678099897,0.045591610356810724,0.2715944208333354
2024-05-31,-0.22106012341833078,0.044021597002165146,0.2818023369017879
2024-06-30,-0.2363390357431634,0.04399607522917653,0.3172685987745861
2024-07-31,-0.3167179092490963,0.050135869580944736,0.3144253006089698
2024-08-31,-0.34548084771808457,0.051112546114156665,0.353693703007796
2024-09-30,-0.38798344236717874,0.05594927787122829,0.3168618016710015
2024-10-31,-0.3720633279162924,0.058010499693265924,0.23145180569099782
2024-11-30,-0.3242743977830008,0.05597300637984013,0.18553723037947906
2024-12-31,-0.21263087287695112,0.04833796944311263,0.15556003019524828
2025-01-31,-0.14347402696727213,0.04464101454766627,0.12699870492570037
2025-02-28,-0.20514897858838485,0.048386576670451334,0.14324014830204385
2025-03-31,-0.14973990472398377,0.04341914953146445,0.16158859746673582
2025-04-30,-0.3727757477161191,0.061690456332589225,0.160287814040661
2025-05-31,-0.24295616838010353,0.051056694640717964,0.14903787261826784
2025-06-30,-0.1633141554244814,0.044473264192630445,0.15965293544972076
2025-07-31,-0.10113203735008261,0.040253790981054464,0.157807213461025
2025-08-31,-0.14787466386375786,0.043361179319848696,0.159924824499791
2025-09-30,-0.16071704879953713,0.04474173000688047,0.14983059421401662
2025-10-31,-0.1791619574249235,0.04624067640636701,0.14679445630350535
2025-11-30,-0.22136598127539545,0.04985176573691439,0.13945991475233493
2025-12-31,-0.2696139148500411,0.05555795754296655,0.11121782382624279
2026-01-31,-0.1387678839729466,0.045603823674737184,0.10422868449970202
2026-02-28,-0.15907713162465328,0.04654930189669084,0.11341574424624629
2026-03-31,-0.28642247114664027,0.05739808379360182,0.10595281859357158
2026-04-30,-0.019277444723575315,0.03780654814193149,0.09830865737019562
2026-05-31,0.10938180312652575,0.031012491633238732,0.0853615595618385
2026-06-30,0.19177856485623593,0.026509129219851386,0.09291397913903521
